-- phpMyAdmin SQL Dump
-- version 4.0.10deb1
-- http://www.phpmyadmin.net
--
-- Host: localhost
-- Generation Time: Jul 28, 2016 at 03:39 PM
-- Server version: 5.5.49-0ubuntu0.14.04.1
-- PHP Version: 5.5.9-1ubuntu4.16


SET SQL_MODE = "NO_AUTO_VALUE_ON_ZERO";
SET time_zone = "+00:00";

DROP DATABASE IF EXISTS SWCCorp;

create database SWCCorp;

use SWCCorp;


/*!40101 SET @OLD_CHARACTER_SET_CLIENT=@@CHARACTER_SET_CLIENT */;
/*!40101 SET @OLD_CHARACTER_SET_RESULTS=@@CHARACTER_SET_RESULTS */;
/*!40101 SET @OLD_COLLATION_CONNECTION=@@COLLATION_CONNECTION */;
/*!40101 SET NAMES utf8 */;

--
-- Database: `SWCCorp`
--

-- --------------------------------------------------------

--
-- Table structure for table `CurrentProducts`
--

CREATE TABLE IF NOT EXISTS `CurrentProducts` (
  `ProductID` int(11) NOT NULL AUTO_INCREMENT,
  `ProductName` varchar(50) NOT NULL,
  `RetailPrice` decimal(19,4) DEFAULT NULL,
  `OriginationDate` datetime DEFAULT NULL,
  `ToBeDeleted` bit(1) DEFAULT NULL,
  `Category` varchar(20) DEFAULT NULL,
  PRIMARY KEY (`ProductID`)
) ENGINE=InnoDB  DEFAULT CHARSET=latin1 AUTO_INCREMENT=481 ;

--
-- Dumping data for table `CurrentProducts`
--

INSERT INTO `CurrentProducts` (`ProductID`, `ProductName`, `RetailPrice`, `OriginationDate`, `ToBeDeleted`, `Category`) VALUES
(1, 'Underwater Tour 1 Day West Coast', 61.4830, '2000-10-00 00:00:00', b'1', 'No-Stay'),
(2, 'Underwater Tour 2 Days West Coast', 110.6694, '2000-10-00 00:00:00', b'0', 'Overnight-Stay'),
(3, 'Underwater Tour 3 Days West Coast', 184.4490, '2000-10-00 00:00:00', b'0', 'Medium-Stay'),
(4, 'Underwater Tour 5 Days West Coast', 245.9320, '2000-10-00 00:00:00', b'0', 'Medium-Stay'),
(5, 'Underwater Tour 1 Week West Coast', 307.4150, '2000-10-00 00:00:00', b'0', 'LongTerm-Stay'),
(6, 'Underwater Tour 2 Weeks West Coast', 553.3470, '2000-10-00 00:00:00', b'0', 'LongTerm-Stay'),
(7, 'Underwater Tour 1 Day East Coast', 80.8590, '2000-10-00 00:00:00', b'1', 'No-Stay'),
(8, 'Underwater Tour 2 Days East Coast', 145.5462, '2000-10-00 00:00:00', b'0', 'Overnight-Stay'),
(9, 'Underwater Tour 3 Days East Coast', 242.5770, '2000-10-00 00:00:00', b'0', 'Medium-Stay'),
(10, 'Underwater Tour 5 Days East Coast', 323.4360, '2000-10-00 00:00:00', b'0', 'Medium-Stay'),
(11, 'Underwater Tour 1 Week East Coast', 404.2950, '2000-10-00 00:00:00', b'0', 'LongTerm-Stay'),
(12, 'Underwater Tour 2 Weeks East Coast', 727.7310, '2000-10-00 00:00:00', b'0', 'LongTerm-Stay'),
(13, 'Underwater Tour 1 Day Mexico', 105.0590, '2000-10-00 00:00:00', b'1', 'No-Stay'),
(14, 'Underwater Tour 2 Days Mexico', 189.1062, '2000-10-00 00:00:00', b'0', 'Overnight-Stay'),
(15, 'Underwater Tour 3 Days Mexico', 315.1770, '2000-10-00 00:00:00', b'0', 'Medium-Stay'),
(16, 'Underwater Tour 5 Days Mexico', 420.2360, '2000-10-00 00:00:00', b'0', 'Medium-Stay'),
(17, 'Underwater Tour 1 Week Mexico', 525.2950, '2000-10-00 00:00:00', b'0', 'LongTerm-Stay'),
(18, 'Underwater Tour 2 Weeks Mexico', 945.5310, '2000-10-00 00:00:00', b'0', 'LongTerm-Stay'),
(19, 'Underwater Tour 1 Day Canada', 85.5850, '2000-10-00 00:00:00', b'1', 'No-Stay'),
(20, 'Underwater Tour 2 Days Canada', 154.0530, '2000-10-00 00:00:00', b'0', 'Overnight-Stay'),
(21, 'Underwater Tour 3 Days Canada', 256.7550, '2000-10-00 00:00:00', b'0', 'Medium-Stay'),
(22, 'Underwater Tour 5 Days Canada', 342.3400, '2000-10-00 00:00:00', b'0', 'Medium-Stay'),
(23, 'Underwater Tour 1 Week Canada', 427.9250, '2000-10-00 00:00:00', b'0', 'LongTerm-Stay'),
(24, 'Underwater Tour 2 Weeks Canada', 770.2650, '2000-10-00 00:00:00', b'0', 'LongTerm-Stay'),
(25, 'Underwater Tour 1 Day Scandinavia', 116.1180, '2000-10-00 00:00:00', b'1', 'No-Stay'),
(26, 'Underwater Tour 2 Days Scandinavia', 209.0124, '2000-10-00 00:00:00', b'0', 'Overnight-Stay'),
(27, 'Underwater Tour 3 Days Scandinavia', 348.3540, '2000-10-00 00:00:00', b'0', 'Medium-Stay'),
(28, 'Underwater Tour 5 Days Scandinavia', 464.4720, '2000-10-00 00:00:00', b'0', 'Medium-Stay'),
(29, 'Underwater Tour 1 Week Scandinavia', 580.5900, '2000-10-00 00:00:00', b'0', 'LongTerm-Stay'),
(30, 'Underwater Tour 2 Weeks Scandinavia', 1045.0620, '2000-10-00 00:00:00', b'0', 'LongTerm-Stay'),
(31, 'History Tour 1 Day West Coast', 74.6220, '2000-10-00 00:00:00', b'1', 'No-Stay'),
(32, 'History Tour 2 Days West Coast', 134.3196, '2000-10-00 00:00:00', b'0', 'Overnight-Stay'),
(33, 'History Tour 3 Days West Coast', 223.8660, '2000-10-00 00:00:00', b'0', 'Medium-Stay'),
(34, 'History Tour 5 Days West Coast', 298.4880, '2000-10-00 00:00:00', b'0', 'Medium-Stay'),
(35, 'History Tour 1 Week West Coast', 373.1100, '2000-10-00 00:00:00', b'0', 'LongTerm-Stay'),
(36, 'History Tour 2 Weeks West Coast', 671.5980, '2000-10-00 00:00:00', b'0', 'LongTerm-Stay'),
(37, 'History Tour 1 Day East Coast', 107.1590, '2000-10-00 00:00:00', b'1', 'No-Stay'),
(38, 'History Tour 2 Days East Coast', 192.8862, '2000-10-00 00:00:00', b'0', 'Overnight-Stay'),
(39, 'History Tour 3 Days East Coast', 321.4770, '2000-10-00 00:00:00', b'0', 'Medium-Stay'),
(40, 'History Tour 5 Days East Coast', 428.6360, '2000-10-00 00:00:00', b'0', 'Medium-Stay'),
(41, 'History Tour 1 Week East Coast', 535.7950, '2000-10-00 00:00:00', b'0', 'LongTerm-Stay'),
(42, 'History Tour 2 Weeks East Coast', 964.4310, '2000-10-00 00:00:00', b'0', 'LongTerm-Stay'),
(43, 'History Tour 1 Day Mexico', 71.1420, '2000-10-00 00:00:00', b'1', 'No-Stay'),
(44, 'History Tour 2 Days Mexico', 128.0556, '2000-10-00 00:00:00', b'0', 'Overnight-Stay'),
(45, 'History Tour 3 Days Mexico', 213.4260, '2000-10-00 00:00:00', b'0', 'Medium-Stay'),
(46, 'History Tour 5 Days Mexico', 284.5680, '2000-10-00 00:00:00', b'0', 'Medium-Stay'),
(47, 'History Tour 1 Week Mexico', 355.7100, '2000-10-00 00:00:00', b'0', 'LongTerm-Stay'),
(48, 'History Tour 2 Weeks Mexico', 640.2780, '2000-10-00 00:00:00', b'0', 'LongTerm-Stay'),
(49, 'History Tour 1 Day Canada', 113.2870, '2000-10-00 00:00:00', b'1', 'No-Stay'),
(50, 'History Tour 2 Days Canada', 203.9166, '2000-10-00 00:00:00', b'0', 'Overnight-Stay'),
(51, 'History Tour 3 Days Canada', 339.8610, '2000-10-00 00:00:00', b'0', 'Medium-Stay'),
(52, 'History Tour 5 Days Canada', 453.1480, '2000-10-00 00:00:00', b'0', 'Medium-Stay'),
(53, 'History Tour 1 Week Canada', 566.4350, '2000-10-00 00:00:00', b'0', 'LongTerm-Stay'),
(54, 'History Tour 2 Weeks Canada', 1019.5830, '2000-10-00 00:00:00', b'0', 'LongTerm-Stay'),
(55, 'History Tour 1 Day Scandinavia', 111.7350, '2000-10-00 00:00:00', b'1', 'No-Stay'),
(56, 'History Tour 2 Days Scandinavia', 201.1230, '2000-10-00 00:00:00', b'0', 'Overnight-Stay'),
(57, 'History Tour 3 Days Scandinavia', 335.2050, '2000-10-00 00:00:00', b'0', 'Medium-Stay'),
(58, 'History Tour 5 Days Scandinavia', 446.9400, '2000-10-00 00:00:00', b'0', 'Medium-Stay'),
(59, 'History Tour 1 Week Scandinavia', 558.6750, '2000-10-00 00:00:00', b'0', 'LongTerm-Stay'),
(60, 'History Tour 2 Weeks Scandinavia', 1005.6150, '2000-10-00 00:00:00', b'0', 'LongTerm-Stay'),
(61, 'Ocean Cruise Tour 1 Day West Coast', 122.4410, '2000-10-00 00:00:00', b'1', 'No-Stay'),
(62, 'Ocean Cruise Tour 2 Days West Coast', 220.3938, '2000-10-00 00:00:00', b'0', 'Overnight-Stay'),
(63, 'Ocean Cruise Tour 3 Days West Coast', 367.3230, '2000-10-00 00:00:00', b'0', 'Medium-Stay'),
(64, 'Ocean Cruise Tour 5 Days West Coast', 489.7640, '2000-10-00 00:00:00', b'0', 'Medium-Stay'),
(65, 'Ocean Cruise Tour 1 Week West Coast', 612.2050, '2000-10-00 00:00:00', b'0', 'LongTerm-Stay'),
(66, 'Ocean Cruise Tour 2 Weeks West Coast', 1101.9690, '2000-10-00 00:00:00', b'0', 'LongTerm-Stay'),
(67, 'Ocean Cruise Tour 1 Day East Coast', 61.8600, '2000-10-00 00:00:00', b'1', 'No-Stay'),
(68, 'Ocean Cruise Tour 2 Days East Coast', 111.3480, '2000-10-00 00:00:00', b'0', 'Overnight-Stay'),
(69, 'Ocean Cruise Tour 3 Days East Coast', 185.5800, '2000-10-00 00:00:00', b'0', 'Medium-Stay'),
(70, 'Ocean Cruise Tour 5 Days East Coast', 247.4400, '2000-10-00 00:00:00', b'0', 'Medium-Stay'),
(71, 'Ocean Cruise Tour 1 Week East Coast', 309.3000, '2000-10-00 00:00:00', b'0', 'LongTerm-Stay'),
(72, 'Ocean Cruise Tour 2 Weeks East Coast', 556.7400, '2000-10-00 00:00:00', b'0', 'LongTerm-Stay'),
(73, 'Ocean Cruise Tour 1 Day Mexico', 32.6010, '2000-10-00 00:00:00', b'1', 'No-Stay'),
(74, 'Ocean Cruise Tour 2 Days Mexico', 58.6818, '2000-10-00 00:00:00', b'0', 'Overnight-Stay'),
(75, 'Ocean Cruise Tour 3 Days Mexico', 97.8030, '2000-10-00 00:00:00', b'0', 'Medium-Stay'),
(76, 'Ocean Cruise Tour 5 Days Mexico', 130.4040, '2000-10-00 00:00:00', b'0', 'Medium-Stay'),
(77, 'Ocean Cruise Tour 1 Week Mexico', 163.0050, '2000-10-00 00:00:00', b'0', 'LongTerm-Stay'),
(78, 'Ocean Cruise Tour 2 Weeks Mexico', 293.4090, '2000-10-00 00:00:00', b'0', 'LongTerm-Stay'),
(79, 'Ocean Cruise Tour 1 Day Canada', 62.5440, '2000-10-00 00:00:00', b'1', 'No-Stay'),
(80, 'Ocean Cruise Tour 2 Days Canada', 112.5792, '2000-10-00 00:00:00', b'0', 'Overnight-Stay'),
(81, 'Ocean Cruise Tour 3 Days Canada', 187.6320, '2000-10-00 00:00:00', b'0', 'Medium-Stay'),
(82, 'Ocean Cruise Tour 5 Days Canada', 250.1760, '2000-10-00 00:00:00', b'0', 'Medium-Stay'),
(83, 'Ocean Cruise Tour 1 Week Canada', 312.7200, '2000-10-00 00:00:00', b'0', 'LongTerm-Stay'),
(84, 'Ocean Cruise Tour 2 Weeks Canada', 562.8960, '2000-10-00 00:00:00', b'0', 'LongTerm-Stay'),
(85, 'Ocean Cruise Tour 1 Day Scandinavia', 107.1750, '2000-10-00 00:00:00', b'1', 'No-Stay'),
(86, 'Ocean Cruise Tour 2 Days Scandinavia', 192.9150, '2000-10-00 00:00:00', b'0', 'Overnight-Stay'),
(87, 'Ocean Cruise Tour 3 Days Scandinavia', 321.5250, '2000-10-00 00:00:00', b'0', 'Medium-Stay'),
(88, 'Ocean Cruise Tour 5 Days Scandinavia', 428.7000, '2004-00-21 00:10:00', b'0', 'Medium-Stay'),
(89, 'Ocean Cruise Tour 1 Week Scandinavia', 535.8750, '2000-10-00 00:00:00', b'0', 'LongTerm-Stay'),
(90, 'Ocean Cruise Tour 2 Weeks Scandinavia', 964.5750, '2000-10-00 00:00:00', b'0', 'LongTerm-Stay'),
(91, 'Fruit Tasting Tour 1 Day West Coast', 85.9330, '2000-10-00 00:00:00', b'1', 'No-Stay'),
(92, 'Fruit Tasting Tour 2 Days West Coast', 154.6794, '2000-10-00 00:00:00', b'0', 'Overnight-Stay'),
(93, 'Fruit Tasting Tour 3 Days West Coast', 257.7990, '2000-10-00 00:00:00', b'0', 'Medium-Stay'),
(94, 'Fruit Tasting Tour 5 Days West Coast', 343.7320, '2000-10-00 00:00:00', b'0', 'Medium-Stay'),
(95, 'Fruit Tasting Tour 1 Week West Coast', 429.6650, '2000-10-00 00:00:00', b'0', 'LongTerm-Stay'),
(96, 'Fruit Tasting Tour 2 Weeks West Coast', 773.3970, '2000-10-00 00:00:00', b'0', 'LongTerm-Stay'),
(97, 'Fruit Tasting Tour 1 Day East Coast', 69.9920, '2000-10-00 00:00:00', b'1', 'No-Stay'),
(98, 'Fruit Tasting Tour 2 Days East Coast', 125.9856, '2000-10-00 00:00:00', b'0', 'Overnight-Stay'),
(99, 'Fruit Tasting Tour 3 Days East Coast', 209.9760, '2000-10-00 00:00:00', b'0', 'Medium-Stay'),
(100, 'Fruit Tasting Tour 5 Days East Coast', 279.9680, '2000-10-00 00:00:00', b'0', 'Medium-Stay'),
(101, 'Fruit Tasting Tour 1 Week East Coast', 349.9600, '2000-10-00 00:00:00', b'0', 'LongTerm-Stay'),
(102, 'Fruit Tasting Tour 2 Weeks East Coast', 629.9280, '2000-10-00 00:00:00', b'0', 'LongTerm-Stay'),
(103, 'Fruit Tasting Tour 1 Day Mexico', 79.5970, '2000-10-00 00:00:00', b'1', 'No-Stay'),
(104, 'Fruit Tasting Tour 2 Days Mexico', 143.2746, '2000-10-00 00:00:00', b'0', 'Overnight-Stay'),
(105, 'Fruit Tasting Tour 3 Days Mexico', 238.7910, '2000-10-00 00:00:00', b'0', 'Medium-Stay'),
(106, 'Fruit Tasting Tour 5 Days Mexico', 318.3880, '2000-10-00 00:00:00', b'0', 'Medium-Stay'),
(107, 'Fruit Tasting Tour 1 Week Mexico', 397.9850, '2000-10-00 00:00:00', b'0', 'LongTerm-Stay'),
(108, 'Fruit Tasting Tour 2 Weeks Mexico', 716.3730, '2000-10-00 00:00:00', b'0', 'LongTerm-Stay'),
(109, 'Fruit Tasting Tour 1 Day Canada', 47.7930, '2000-10-00 00:00:00', b'1', 'No-Stay'),
(110, 'Fruit Tasting Tour 2 Days Canada', 86.0274, '2000-10-00 00:00:00', b'0', 'Overnight-Stay'),
(111, 'Fruit Tasting Tour 3 Days Canada', 143.3790, '2004-00-04 00:10:00', b'0', 'Medium-Stay'),
(112, 'Fruit Tasting Tour 5 Days Canada', 191.1720, '2000-10-00 00:00:00', b'0', 'Medium-Stay'),
(113, 'Fruit Tasting Tour 1 Week Canada', 238.9650, '2000-10-00 00:00:00', b'0', 'LongTerm-Stay'),
(114, 'Fruit Tasting Tour 2 Weeks Canada', 430.1370, '2000-10-00 00:00:00', b'0', 'LongTerm-Stay'),
(115, 'Fruit Tasting Tour 1 Day Scandinavia', 109.3820, '2000-10-00 00:00:00', b'1', 'No-Stay'),
(116, 'Fruit Tasting Tour 2 Days Scandinavia', 196.8876, '2000-10-00 00:00:00', b'0', 'Overnight-Stay'),
(117, 'Fruit Tasting Tour 3 Days Scandinavia', 328.1460, '2000-10-00 00:00:00', b'0', 'Medium-Stay'),
(118, 'Fruit Tasting Tour 5 Days Scandinavia', 437.5280, '2000-10-00 00:00:00', b'0', 'Medium-Stay'),
(119, 'Fruit Tasting Tour 1 Week Scandinavia', 546.9100, '2000-10-00 00:00:00', b'0', 'LongTerm-Stay'),
(120, 'Fruit Tasting Tour 2 Weeks Scandinavia', 984.4380, '2000-10-00 00:00:00', b'0', 'LongTerm-Stay'),
(121, 'Mountain Lodge 1 Day West Coast', 89.5010, '2000-10-00 00:00:00', b'1', 'No-Stay'),
(122, 'Mountain Lodge 2 Days West Coast', 161.1018, '2000-10-00 00:00:00', b'0', 'Overnight-Stay'),
(123, 'Mountain Lodge 3 Days West Coast', 268.5030, '2000-10-00 00:00:00', b'0', 'Medium-Stay'),
(124, 'Mountain Lodge 5 Days West Coast', 358.0040, '2000-10-00 00:00:00', b'0', 'Medium-Stay'),
(125, 'Mountain Lodge 1 Week West Coast', 447.5050, '2000-10-00 00:00:00', b'0', 'LongTerm-Stay'),
(126, 'Mountain Lodge 2 Weeks West Coast', 805.5090, '2000-10-00 00:00:00', b'0', 'LongTerm-Stay'),
(127, 'Mountain Lodge 1 Day East Coast', 52.6810, '2000-10-00 00:00:00', b'1', 'No-Stay'),
(128, 'Mountain Lodge 2 Days East Coast', 94.8258, '2000-10-00 00:00:00', b'0', 'Overnight-Stay'),
(129, 'Mountain Lodge 3 Days East Coast', 158.0430, '2000-10-00 00:00:00', b'0', 'Medium-Stay'),
(130, 'Mountain Lodge 5 Days East Coast', 210.7240, '2000-10-00 00:00:00', b'0', 'Medium-Stay'),
(131, 'Mountain Lodge 1 Week East Coast', 263.4050, '2000-10-00 00:00:00', b'0', 'LongTerm-Stay'),
(132, 'Mountain Lodge 2 Weeks East Coast', 474.1290, '2000-10-00 00:00:00', b'0', 'LongTerm-Stay'),
(133, 'Mountain Lodge 1 Day Mexico', 87.4360, '2000-10-00 00:00:00', b'1', 'No-Stay'),
(134, 'Mountain Lodge 2 Days Mexico', 157.3848, '2000-10-00 00:00:00', b'0', 'Overnight-Stay'),
(135, 'Mountain Lodge 3 Days Mexico', 262.3080, '2000-10-00 00:00:00', b'0', 'Medium-Stay'),
(136, 'Mountain Lodge 5 Days Mexico', 349.7440, '2000-10-00 00:00:00', b'0', 'Medium-Stay'),
(137, 'Mountain Lodge 1 Week Mexico', 437.1800, '2000-10-00 00:00:00', b'0', 'LongTerm-Stay'),
(138, 'Mountain Lodge 2 Weeks Mexico', 786.9240, '2000-10-00 00:00:00', b'0', 'LongTerm-Stay'),
(139, 'Mountain Lodge 1 Day Canada', 73.6980, '2000-10-00 00:00:00', b'1', 'No-Stay'),
(140, 'Mountain Lodge 2 Days Canada', 132.6564, '2000-10-00 00:00:00', b'0', 'Overnight-Stay'),
(141, 'Mountain Lodge 3 Days Canada', 221.0940, '2000-10-00 00:00:00', b'0', 'Medium-Stay'),
(142, 'Mountain Lodge 5 Days Canada', 294.7920, '2000-10-00 00:00:00', b'0', 'Medium-Stay'),
(143, 'Mountain Lodge 1 Week Canada', 368.4900, '2000-10-00 00:00:00', b'0', 'LongTerm-Stay'),
(144, 'Mountain Lodge 2 Weeks Canada', 663.2820, '2000-10-00 00:00:00', b'0', 'LongTerm-Stay'),
(145, 'Mountain Lodge 1 Day Scandinavia', 32.5740, '2000-10-00 00:00:00', b'1', 'No-Stay'),
(146, 'Mountain Lodge 2 Days Scandinavia', 58.6332, '2000-10-00 00:00:00', b'0', 'Overnight-Stay'),
(147, 'Mountain Lodge 3 Days Scandinavia', 97.7220, '2000-10-00 00:00:00', b'0', 'Medium-Stay'),
(148, 'Mountain Lodge 5 Days Scandinavia', 130.2960, '2000-10-00 00:00:00', b'0', 'Medium-Stay'),
(149, 'Mountain Lodge 1 Week Scandinavia', 162.8700, '2000-10-00 00:00:00', b'0', 'LongTerm-Stay'),
(150, 'Mountain Lodge 2 Weeks Scandinavia', 293.1660, '2000-10-00 00:00:00', b'0', 'LongTerm-Stay'),
(151, 'Spa & Pleasure Getaway 1 Day West Coast', 80.3110, '2000-10-00 00:00:00', b'1', 'No-Stay'),
(152, 'Spa & Pleasure Getaway 2 Days West Coast', 144.5598, '2000-10-00 00:00:00', b'0', 'Overnight-Stay'),
(153, 'Spa & Pleasure Getaway 3 Days West Coast', 240.9330, '2000-10-00 00:00:00', b'0', 'Medium-Stay'),
(154, 'Spa & Pleasure Getaway 5 Days West Coast', 321.2440, '2000-10-00 00:00:00', b'0', 'Medium-Stay'),
(155, 'Spa & Pleasure Getaway 1 Week West Coast', 401.5550, '2000-10-00 00:00:00', b'0', 'LongTerm-Stay'),
(156, 'Spa & Pleasure Getaway 2 Weeks West Coast', 722.7990, '2000-10-00 00:00:00', b'0', 'LongTerm-Stay'),
(157, 'Spa & Pleasure Getaway 1 Day East Coast', 86.4840, '2000-10-00 00:00:00', b'1', 'No-Stay'),
(158, 'Spa & Pleasure Getaway 2 Days East Coast', 155.6712, '2000-10-00 00:00:00', b'0', 'Overnight-Stay'),
(159, 'Spa & Pleasure Getaway 3 Days East Coast', 259.4520, '2000-10-00 00:00:00', b'0', 'Medium-Stay'),
(160, 'Spa & Pleasure Getaway 5 Days East Coast', 345.9360, '2000-10-00 00:00:00', b'0', 'Medium-Stay'),
(161, 'Spa & Pleasure Getaway 1 Week East Coast', 432.4200, '2000-10-00 00:00:00', b'0', 'LongTerm-Stay'),
(162, 'Spa & Pleasure Getaway 2 Weeks East Coast', 778.3560, '2000-10-00 00:00:00', b'0', 'LongTerm-Stay'),
(163, 'Spa & Pleasure Getaway 1 Day Mexico', 98.5920, '2000-10-00 00:00:00', b'1', 'No-Stay'),
(164, 'Spa & Pleasure Getaway 2 Days Mexico', 177.4656, '2000-10-00 00:00:00', b'0', 'Overnight-Stay'),
(165, 'Spa & Pleasure Getaway 3 Days Mexico', 295.7760, '2000-10-00 00:00:00', b'0', 'Medium-Stay'),
(166, 'Spa & Pleasure Getaway 5 Days Mexico', 394.3680, '2000-10-00 00:00:00', b'0', 'Medium-Stay'),
(167, 'Spa & Pleasure Getaway 1 Week Mexico', 492.9600, '2000-10-00 00:00:00', b'0', 'LongTerm-Stay'),
(168, 'Spa & Pleasure Getaway 2 Weeks Mexico', 887.3280, '2000-10-00 00:00:00', b'0', 'LongTerm-Stay'),
(169, 'Spa & Pleasure Getaway 1 Day Canada', 93.3770, '2004-00-28 00:10:00', b'1', 'No-Stay'),
(170, 'Spa & Pleasure Getaway 2 Days Canada', 168.0786, '2000-10-00 00:00:00', b'0', 'Overnight-Stay'),
(171, 'Spa & Pleasure Getaway 3 Days Canada', 280.1310, '2000-10-00 00:00:00', b'0', 'Medium-Stay'),
(172, 'Spa & Pleasure Getaway 5 Days Canada', 373.5080, '2000-10-00 00:00:00', b'0', 'Medium-Stay'),
(173, 'Spa & Pleasure Getaway 1 Week Canada', 466.8850, '2000-10-00 00:00:00', b'0', 'LongTerm-Stay'),
(174, 'Spa & Pleasure Getaway 2 Weeks Canada', 840.3930, '2000-10-00 00:00:00', b'0', 'LongTerm-Stay'),
(175, 'Spa & Pleasure Getaway 1 Day Scandinavia', 97.7660, '2000-10-00 00:00:00', b'1', 'No-Stay'),
(176, 'Spa & Pleasure Getaway 2 Days Scandinavia', 175.9788, '2000-10-00 00:00:00', b'0', 'Overnight-Stay'),
(177, 'Spa & Pleasure Getaway 3 Days Scandinavia', 293.2980, '2004-00-16 00:10:00', b'0', 'Medium-Stay'),
(178, 'Spa & Pleasure Getaway 5 Days Scandinavia', 391.0640, '2000-10-00 00:00:00', b'0', 'Medium-Stay'),
(179, 'Spa & Pleasure Getaway 1 Week Scandinavia', 488.8300, '2000-10-00 00:00:00', b'0', 'LongTerm-Stay'),
(180, 'Spa & Pleasure Getaway 2 Weeks Scandinavia', 879.8940, '2000-10-00 00:00:00', b'0', 'LongTerm-Stay'),
(181, 'Horseback Tour 1 Day West Coast', 74.4510, '2000-10-00 00:00:00', b'1', 'No-Stay'),
(182, 'Horseback Tour 2 Days West Coast', 134.0118, '2000-10-00 00:00:00', b'0', 'Overnight-Stay'),
(183, 'Horseback Tour 3 Days West Coast', 223.3530, '2000-10-00 00:00:00', b'0', 'Medium-Stay'),
(184, 'Horseback Tour 5 Days West Coast', 297.8040, '2000-10-00 00:00:00', b'0', 'Medium-Stay'),
(185, 'Horseback Tour 1 Week West Coast', 372.2550, '2000-10-00 00:00:00', b'0', 'LongTerm-Stay'),
(186, 'Horseback Tour 2 Weeks West Coast', 670.0590, '2000-10-00 00:00:00', b'0', 'LongTerm-Stay'),
(187, 'Horseback Tour 1 Day East Coast', 41.9790, '2000-10-00 00:00:00', b'1', 'No-Stay'),
(188, 'Horseback Tour 2 Days East Coast', 75.5622, '2000-10-00 00:00:00', b'0', 'Overnight-Stay'),
(189, 'Horseback Tour 3 Days East Coast', 125.9370, '2000-10-00 00:00:00', b'0', 'Medium-Stay'),
(190, 'Horseback Tour 5 Days East Coast', 167.9160, '2000-10-00 00:00:00', b'0', 'Medium-Stay'),
(191, 'Horseback Tour 1 Week East Coast', 209.8950, '2000-10-00 00:00:00', b'0', 'LongTerm-Stay'),
(192, 'Horseback Tour 2 Weeks East Coast', 377.8110, '2000-10-00 00:00:00', b'0', 'LongTerm-Stay'),
(193, 'Horseback Tour 1 Day Mexico', 98.3310, '2000-10-00 00:00:00', b'1', 'No-Stay'),
(194, 'Horseback Tour 2 Days Mexico', 176.9958, '2000-10-00 00:00:00', b'0', 'Overnight-Stay'),
(195, 'Horseback Tour 3 Days Mexico', 294.9930, '2000-10-00 00:00:00', b'0', 'Medium-Stay'),
(196, 'Horseback Tour 5 Days Mexico', 393.3240, '2000-10-00 00:00:00', b'0', 'Medium-Stay'),
(197, 'Horseback Tour 1 Week Mexico', 491.6550, '2000-10-00 00:00:00', b'0', 'LongTerm-Stay'),
(198, 'Horseback Tour 2 Weeks Mexico', 884.9790, '2000-10-00 00:00:00', b'0', 'LongTerm-Stay'),
(199, 'Horseback Tour 1 Day Canada', 45.7950, '2000-10-00 00:00:00', b'1', 'No-Stay'),
(200, 'Horseback Tour 2 Days Canada', 82.4310, '2000-10-00 00:00:00', b'0', 'Overnight-Stay'),
(201, 'Horseback Tour 3 Days Canada', 137.3850, '2000-10-00 00:00:00', b'0', 'Medium-Stay'),
(202, 'Horseback Tour 5 Days Canada', 183.1800, '2000-10-00 00:00:00', b'0', 'Medium-Stay'),
(203, 'Horseback Tour 1 Week Canada', 228.9750, '2000-10-00 00:00:00', b'0', 'LongTerm-Stay'),
(204, 'Horseback Tour 2 Weeks Canada', 412.1550, '2000-10-00 00:00:00', b'0', 'LongTerm-Stay'),
(205, 'Horseback Tour 1 Day Scandinavia', 113.7140, '2000-10-00 00:00:00', b'1', 'No-Stay'),
(206, 'Horseback Tour 2 Days Scandinavia', 204.6852, '2000-10-00 00:00:00', b'0', 'Overnight-Stay'),
(207, 'Horseback Tour 3 Days Scandinavia', 341.1420, '2000-10-00 00:00:00', b'0', 'Medium-Stay'),
(208, 'Horseback Tour 5 Days Scandinavia', 454.8560, '2000-10-00 00:00:00', b'0', 'Medium-Stay'),
(209, 'Horseback Tour 1 Week Scandinavia', 568.5700, '2000-10-00 00:00:00', b'0', 'LongTerm-Stay'),
(210, 'Horseback Tour 2 Weeks Scandinavia', 1023.4260, '2000-10-00 00:00:00', b'0', 'LongTerm-Stay'),
(211, 'Tiger Watching Tour 1 Day West Coast', 50.0410, '2000-10-00 00:00:00', b'1', 'No-Stay'),
(212, 'Tiger Watching Tour 2 Days West Coast', 90.0738, '2000-10-00 00:00:00', b'0', 'Overnight-Stay'),
(213, 'Tiger Watching Tour 3 Days West Coast', 150.1230, '2000-10-00 00:00:00', b'0', 'Medium-Stay'),
(214, 'Tiger Watching Tour 5 Days West Coast', 200.1640, '2000-10-00 00:00:00', b'0', 'Medium-Stay'),
(215, 'Tiger Watching Tour 1 Week West Coast', 250.2050, '2000-10-00 00:00:00', b'0', 'LongTerm-Stay'),
(216, 'Tiger Watching Tour 2 Weeks West Coast', 450.3690, '2000-10-00 00:00:00', b'0', 'LongTerm-Stay'),
(217, 'Tiger Watching Tour 1 Day East Coast', 86.7470, '2000-10-00 00:00:00', b'1', 'No-Stay'),
(218, 'Tiger Watching Tour 2 Days East Coast', 156.1446, '2000-10-00 00:00:00', b'0', 'Overnight-Stay'),
(219, 'Tiger Watching Tour 3 Days East Coast', 260.2410, '2000-10-00 00:00:00', b'0', 'Medium-Stay'),
(220, 'Tiger Watching Tour 5 Days East Coast', 346.9880, '2000-10-00 00:00:00', b'0', 'Medium-Stay'),
(221, 'Tiger Watching Tour 1 Week East Coast', 433.7350, '2000-10-00 00:00:00', b'0', 'LongTerm-Stay'),
(222, 'Tiger Watching Tour 2 Weeks East Coast', 780.7230, '2000-10-00 00:00:00', b'0', 'LongTerm-Stay'),
(223, 'Tiger Watching Tour 1 Day Mexico', 105.1210, '2000-10-00 00:00:00', b'1', 'No-Stay'),
(224, 'Tiger Watching Tour 2 Days Mexico', 189.2178, '2000-10-00 00:00:00', b'0', 'Overnight-Stay'),
(225, 'Tiger Watching Tour 3 Days Mexico', 315.3630, '2000-10-00 00:00:00', b'0', 'Medium-Stay'),
(226, 'Tiger Watching Tour 5 Days Mexico', 420.4840, '2000-10-00 00:00:00', b'0', 'Medium-Stay'),
(227, 'Tiger Watching Tour 1 Week Mexico', 525.6050, '2000-10-00 00:00:00', b'0', 'LongTerm-Stay'),
(228, 'Tiger Watching Tour 2 Weeks Mexico', 946.0890, '2000-10-00 00:00:00', b'0', 'LongTerm-Stay'),
(229, 'Tiger Watching Tour 1 Day Canada', 77.5420, '2000-10-00 00:00:00', b'1', 'No-Stay'),
(230, 'Tiger Watching Tour 2 Days Canada', 139.5756, '2000-10-00 00:00:00', b'0', 'Overnight-Stay'),
(231, 'Tiger Watching Tour 3 Days Canada', 232.6260, '2000-10-00 00:00:00', b'0', 'Medium-Stay'),
(232, 'Tiger Watching Tour 5 Days Canada', 310.1680, '2000-10-00 00:00:00', b'0', 'Medium-Stay'),
(233, 'Tiger Watching Tour 1 Week Canada', 387.7100, '2000-10-00 00:00:00', b'0', 'LongTerm-Stay'),
(234, 'Tiger Watching Tour 2 Weeks Canada', 697.8780, '2000-10-00 00:00:00', b'0', 'LongTerm-Stay'),
(235, 'Tiger Watching Tour 1 Day Scandinavia', 68.2670, '2000-10-00 00:00:00', b'1', 'No-Stay'),
(236, 'Tiger Watching Tour 2 Days Scandinavia', 122.8806, '2000-10-00 00:00:00', b'0', 'Overnight-Stay'),
(237, 'Tiger Watching Tour 3 Days Scandinavia', 204.8010, '2000-10-00 00:00:00', b'0', 'Medium-Stay'),
(238, 'Tiger Watching Tour 5 Days Scandinavia', 273.0680, '2000-10-00 00:00:00', b'0', 'Medium-Stay'),
(239, 'Tiger Watching Tour 1 Week Scandinavia', 341.3350, '2000-10-00 00:00:00', b'0', 'LongTerm-Stay'),
(240, 'Tiger Watching Tour 2 Weeks Scandinavia', 614.4030, '2000-10-00 00:00:00', b'0', 'LongTerm-Stay'),
(241, 'Winter Tour 1 Day West Coast', 45.3420, '2000-10-00 00:00:00', b'1', 'No-Stay'),
(242, 'Winter Tour 2 Days West Coast', 81.6156, '2000-10-00 00:00:00', b'0', 'Overnight-Stay'),
(243, 'Winter Tour 3 Days West Coast', 136.0260, '2000-10-00 00:00:00', b'0', 'Medium-Stay'),
(244, 'Winter Tour 5 Days West Coast', 181.3680, '2000-10-00 00:00:00', b'0', 'Medium-Stay'),
(245, 'Winter Tour 1 Week West Coast', 226.7100, '2000-10-00 00:00:00', b'0', 'LongTerm-Stay'),
(246, 'Winter Tour 2 Weeks West Coast', 408.0780, '2000-10-00 00:00:00', b'0', 'LongTerm-Stay'),
(247, 'Winter Tour 1 Day East Coast', 78.9480, '2000-10-00 00:00:00', b'1', 'No-Stay'),
(248, 'Winter Tour 2 Days East Coast', 142.1064, '2000-10-00 00:00:00', b'0', 'Overnight-Stay'),
(249, 'Winter Tour 3 Days East Coast', 236.8440, '2000-10-00 00:00:00', b'0', 'Medium-Stay'),
(250, 'Winter Tour 5 Days East Coast', 315.7920, '2000-10-00 00:00:00', b'0', 'Medium-Stay'),
(251, 'Winter Tour 1 Week East Coast', 394.7400, '2000-10-00 00:00:00', b'0', 'LongTerm-Stay'),
(252, 'Winter Tour 2 Weeks East Coast', 710.5320, '2000-10-00 00:00:00', b'0', 'LongTerm-Stay'),
(253, 'Winter Tour 1 Day Mexico', 86.5930, '2000-10-00 00:00:00', b'1', 'No-Stay'),
(254, 'Winter Tour 2 Days Mexico', 155.8674, '2000-10-00 00:00:00', b'0', 'Overnight-Stay'),
(255, 'Winter Tour 3 Days Mexico', 259.7790, '2000-10-00 00:00:00', b'0', 'Medium-Stay'),
(256, 'Winter Tour 5 Days Mexico', 346.3720, '2000-10-00 00:00:00', b'0', 'Medium-Stay'),
(257, 'Winter Tour 1 Week Mexico', 432.9650, '2000-10-00 00:00:00', b'0', 'LongTerm-Stay'),
(258, 'Winter Tour 2 Weeks Mexico', 779.3370, '2000-10-00 00:00:00', b'0', 'LongTerm-Stay'),
(259, 'Winter Tour 1 Day Canada', 90.6950, '2000-10-00 00:00:00', b'1', 'No-Stay'),
(260, 'Winter Tour 2 Days Canada', 163.2510, '2000-10-00 00:00:00', b'0', 'Overnight-Stay'),
(261, 'Winter Tour 3 Days Canada', 272.0850, '2000-10-00 00:00:00', b'0', 'Medium-Stay'),
(262, 'Winter Tour 5 Days Canada', 362.7800, '2000-10-00 00:00:00', b'0', 'Medium-Stay'),
(263, 'Winter Tour 1 Week Canada', 453.4750, '2000-10-00 00:00:00', b'0', 'LongTerm-Stay'),
(264, 'Winter Tour 2 Weeks Canada', 816.2550, '2000-10-00 00:00:00', b'0', 'LongTerm-Stay'),
(265, 'Winter Tour 1 Day Scandinavia', 34.5060, '2000-10-00 00:00:00', b'1', 'No-Stay'),
(266, 'Winter Tour 2 Days Scandinavia', 62.1108, '2000-10-00 00:00:00', b'0', 'Overnight-Stay'),
(267, 'Winter Tour 3 Days Scandinavia', 103.5180, '2000-10-00 00:00:00', b'0', 'Medium-Stay'),
(268, 'Winter Tour 5 Days Scandinavia', 138.0240, '2000-10-00 00:00:00', b'0', 'Medium-Stay'),
(269, 'Winter Tour 1 Week Scandinavia', 172.5300, '2000-10-00 00:00:00', b'0', 'LongTerm-Stay'),
(270, 'Winter Tour 2 Weeks Scandinavia', 310.5540, '2000-10-00 00:00:00', b'0', 'LongTerm-Stay'),
(271, 'Acting Lessons Tour 1 Day West Coast', 111.3660, '2000-10-00 00:00:00', b'1', 'No-Stay'),
(272, 'Acting Lessons Tour 2 Days West Coast', 200.4588, '2000-10-00 00:00:00', b'0', 'Overnight-Stay'),
(273, 'Acting Lessons Tour 3 Days West Coast', 334.0980, '2000-10-00 00:00:00', b'0', 'Medium-Stay'),
(274, 'Acting Lessons Tour 5 Days West Coast', 445.4640, '2000-10-00 00:00:00', b'0', 'Medium-Stay'),
(275, 'Acting Lessons Tour 1 Week West Coast', 556.8300, '2000-10-00 00:00:00', b'0', 'LongTerm-Stay'),
(276, 'Acting Lessons Tour 2 Weeks West Coast', 1002.2940, '2000-10-00 00:00:00', b'0', 'LongTerm-Stay'),
(277, 'Acting Lessons Tour 1 Day East Coast', 52.6700, '2000-10-00 00:00:00', b'1', 'No-Stay'),
(278, 'Acting Lessons Tour 2 Days East Coast', 94.8060, '2000-10-00 00:00:00', b'0', 'Overnight-Stay'),
(279, 'Acting Lessons Tour 3 Days East Coast', 158.0100, '2000-10-00 00:00:00', b'0', 'Medium-Stay'),
(280, 'Acting Lessons Tour 5 Days East Coast', 210.6800, '2000-10-00 00:00:00', b'0', 'Medium-Stay'),
(281, 'Acting Lessons Tour 1 Week East Coast', 263.3500, '2000-10-00 00:00:00', b'0', 'LongTerm-Stay'),
(282, 'Acting Lessons Tour 2 Weeks East Coast', 474.0300, '2000-10-00 00:00:00', b'0', 'LongTerm-Stay'),
(283, 'Acting Lessons Tour 1 Day Mexico', 101.0680, '2000-10-00 00:00:00', b'1', 'No-Stay'),
(284, 'Acting Lessons Tour 2 Days Mexico', 181.9224, '2000-10-00 00:00:00', b'0', 'Overnight-Stay'),
(285, 'Acting Lessons Tour 3 Days Mexico', 303.2040, '2004-00-05 00:10:00', b'0', 'Medium-Stay'),
(286, 'Acting Lessons Tour 5 Days Mexico', 404.2720, '2000-10-00 00:00:00', b'0', 'Medium-Stay'),
(287, 'Acting Lessons Tour 1 Week Mexico', 505.3400, '2000-10-00 00:00:00', b'0', 'LongTerm-Stay'),
(288, 'Acting Lessons Tour 2 Weeks Mexico', 909.6120, '2000-10-00 00:00:00', b'0', 'LongTerm-Stay'),
(289, 'Acting Lessons Tour 1 Day Canada', 78.9500, '2000-10-00 00:00:00', b'1', 'No-Stay'),
(290, 'Acting Lessons Tour 2 Days Canada', 142.1100, '2000-10-00 00:00:00', b'0', 'Overnight-Stay'),
(291, 'Acting Lessons Tour 3 Days Canada', 236.8500, '2000-10-00 00:00:00', b'0', 'Medium-Stay'),
(292, 'Acting Lessons Tour 5 Days Canada', 315.8000, '2000-10-00 00:00:00', b'0', 'Medium-Stay'),
(293, 'Acting Lessons Tour 1 Week Canada', 394.7500, '2000-10-00 00:00:00', b'0', 'LongTerm-Stay'),
(294, 'Acting Lessons Tour 2 Weeks Canada', 710.5500, '2000-10-00 00:00:00', b'0', 'LongTerm-Stay'),
(295, 'Acting Lessons Tour 1 Day Scandinavia', 66.8970, '2000-10-00 00:00:00', b'1', 'No-Stay'),
(296, 'Acting Lessons Tour 2 Days Scandinavia', 120.4146, '2000-10-00 00:00:00', b'0', 'Overnight-Stay'),
(297, 'Acting Lessons Tour 3 Days Scandinavia', 200.6910, '2000-10-00 00:00:00', b'0', 'Medium-Stay'),
(298, 'Acting Lessons Tour 5 Days Scandinavia', 267.5880, '2000-10-00 00:00:00', b'0', 'Medium-Stay'),
(299, 'Acting Lessons Tour 1 Week Scandinavia', 334.4850, '2000-10-00 00:00:00', b'0', 'LongTerm-Stay'),
(300, 'Acting Lessons Tour 2 Weeks Scandinavia', 602.0730, '2000-10-00 00:00:00', b'0', 'LongTerm-Stay'),
(301, 'Cherry Festival Tour 1 Day West Coast', 68.5520, '2000-10-00 00:00:00', b'1', 'No-Stay'),
(302, 'Cherry Festival Tour 2 Days West Coast', 123.3936, '2000-10-00 00:00:00', b'0', 'Overnight-Stay'),
(303, 'Cherry Festival Tour 3 Days West Coast', 205.6560, '2000-10-00 00:00:00', b'0', 'Medium-Stay'),
(304, 'Cherry Festival Tour 5 Days West Coast', 274.2080, '2000-10-00 00:00:00', b'0', 'Medium-Stay'),
(305, 'Cherry Festival Tour 1 Week West Coast', 342.7600, '2000-10-00 00:00:00', b'0', 'LongTerm-Stay'),
(306, 'Cherry Festival Tour 2 Weeks West Coast', 616.9680, '2000-10-00 00:00:00', b'0', 'LongTerm-Stay'),
(307, 'Cherry Festival Tour 1 Day East Coast', 108.5520, '2000-10-00 00:00:00', b'1', 'No-Stay'),
(308, 'Cherry Festival Tour 2 Days East Coast', 195.3936, '2000-10-00 00:00:00', b'0', 'Overnight-Stay'),
(309, 'Cherry Festival Tour 3 Days East Coast', 325.6560, '2000-10-00 00:00:00', b'0', 'Medium-Stay'),
(310, 'Cherry Festival Tour 5 Days East Coast', 434.2080, '2000-10-00 00:00:00', b'0', 'Medium-Stay'),
(311, 'Cherry Festival Tour 1 Week East Coast', 542.7600, '2000-10-00 00:00:00', b'0', 'LongTerm-Stay'),
(312, 'Cherry Festival Tour 2 Weeks East Coast', 976.9680, '2000-10-00 00:00:00', b'0', 'LongTerm-Stay'),
(313, 'Cherry Festival Tour 1 Day Mexico', 31.9090, '2000-10-00 00:00:00', b'1', 'No-Stay'),
(314, 'Cherry Festival Tour 2 Days Mexico', 57.4362, '2000-10-00 00:00:00', b'0', 'Overnight-Stay'),
(315, 'Cherry Festival Tour 3 Days Mexico', 95.7270, '2000-10-00 00:00:00', b'0', 'Medium-Stay'),
(316, 'Cherry Festival Tour 5 Days Mexico', 127.6360, '2000-10-00 00:00:00', b'0', 'Medium-Stay'),
(317, 'Cherry Festival Tour 1 Week Mexico', 159.5450, '2000-10-00 00:00:00', b'0', 'LongTerm-Stay'),
(318, 'Cherry Festival Tour 2 Weeks Mexico', 287.1810, '2000-10-00 00:00:00', b'0', 'LongTerm-Stay'),
(319, 'Cherry Festival Tour 1 Day Canada', 34.9440, '2000-10-00 00:00:00', b'1', 'No-Stay'),
(320, 'Cherry Festival Tour 2 Days Canada', 62.8992, '2000-10-00 00:00:00', b'0', 'Overnight-Stay'),
(321, 'Cherry Festival Tour 3 Days Canada', 104.8320, '2000-10-00 00:00:00', b'0', 'Medium-Stay'),
(322, 'Cherry Festival Tour 5 Days Canada', 139.7760, '2000-10-00 00:00:00', b'0', 'Medium-Stay'),
(323, 'Cherry Festival Tour 1 Week Canada', 174.7200, '2000-10-00 00:00:00', b'0', 'LongTerm-Stay'),
(324, 'Cherry Festival Tour 2 Weeks Canada', 314.4960, '2000-10-00 00:00:00', b'0', 'LongTerm-Stay'),
(325, 'Cherry Festival Tour 1 Day Scandinavia', 80.6480, '2000-10-00 00:00:00', b'1', 'No-Stay'),
(326, 'Cherry Festival Tour 2 Days Scandinavia', 145.1664, '2000-10-00 00:00:00', b'0', 'Overnight-Stay'),
(327, 'Cherry Festival Tour 3 Days Scandinavia', 241.9440, '2000-10-00 00:00:00', b'0', 'Medium-Stay'),
(328, 'Cherry Festival Tour 5 Days Scandinavia', 322.5920, '2000-10-00 00:00:00', b'0', 'Medium-Stay'),
(329, 'Cherry Festival Tour 1 Week Scandinavia', 403.2400, '2000-10-00 00:00:00', b'0', 'LongTerm-Stay'),
(330, 'Cherry Festival Tour 2 Weeks Scandinavia', 725.8320, '2000-10-00 00:00:00', b'0', 'LongTerm-Stay'),
(331, 'Lakes Tour 1 Day West Coast', 129.0110, '2000-10-00 00:00:00', b'1', 'No-Stay'),
(332, 'Lakes Tour 2 Days West Coast', 232.2198, '2000-10-00 00:00:00', b'0', 'Overnight-Stay'),
(333, 'Lakes Tour 3 Days West Coast', 387.0330, '2004-00-24 00:10:00', b'0', 'Medium-Stay'),
(334, 'Lakes Tour 5 Days West Coast', 516.0440, '2000-10-00 00:00:00', b'0', 'Medium-Stay'),
(335, 'Lakes Tour 1 Week West Coast', 645.0550, '2000-10-00 00:00:00', b'0', 'LongTerm-Stay'),
(336, 'Lakes Tour 2 Weeks West Coast', 1161.0990, '2000-10-00 00:00:00', b'0', 'LongTerm-Stay'),
(337, 'Lakes Tour 1 Day East Coast', 127.5540, '2000-10-00 00:00:00', b'1', 'No-Stay'),
(338, 'Lakes Tour 2 Days East Coast', 229.5972, '2000-10-00 00:00:00', b'0', 'Overnight-Stay'),
(339, 'Lakes Tour 3 Days East Coast', 382.6620, '2000-10-00 00:00:00', b'0', 'Medium-Stay'),
(340, 'Lakes Tour 5 Days East Coast', 510.2160, '2000-10-00 00:00:00', b'0', 'Medium-Stay'),
(341, 'Lakes Tour 1 Week East Coast', 637.7700, '2000-10-00 00:00:00', b'0', 'LongTerm-Stay'),
(342, 'Lakes Tour 2 Weeks East Coast', 1147.9860, '2000-10-00 00:00:00', b'0', 'LongTerm-Stay'),
(343, 'Lakes Tour 1 Day Mexico', 67.3910, '2000-10-00 00:00:00', b'1', 'No-Stay'),
(344, 'Lakes Tour 2 Days Mexico', 121.3038, '2000-10-00 00:00:00', b'0', 'Overnight-Stay'),
(345, 'Lakes Tour 3 Days Mexico', 202.1730, '2000-10-00 00:00:00', b'0', 'Medium-Stay'),
(346, 'Lakes Tour 5 Days Mexico', 269.5640, '2000-10-00 00:00:00', b'0', 'Medium-Stay'),
(347, 'Lakes Tour 1 Week Mexico', 336.9550, '2000-10-00 00:00:00', b'0', 'LongTerm-Stay'),
(348, 'Lakes Tour 2 Weeks Mexico', 606.5190, '2000-10-00 00:00:00', b'0', 'LongTerm-Stay'),
(349, 'Lakes Tour 1 Day Canada', 77.9090, '2000-10-00 00:00:00', b'1', 'No-Stay'),
(350, 'Lakes Tour 2 Days Canada', 140.2362, '2000-10-00 00:00:00', b'0', 'Overnight-Stay'),
(351, 'Lakes Tour 3 Days Canada', 233.7270, '2000-10-00 00:00:00', b'0', 'Medium-Stay'),
(352, 'Lakes Tour 5 Days Canada', 311.6360, '2000-10-00 00:00:00', b'0', 'Medium-Stay'),
(353, 'Lakes Tour 1 Week Canada', 389.5450, '2000-10-00 00:00:00', b'0', 'LongTerm-Stay'),
(354, 'Lakes Tour 2 Weeks Canada', 701.1810, '2000-10-00 00:00:00', b'0', 'LongTerm-Stay'),
(355, 'Lakes Tour 1 Day Scandinavia', 113.3540, '2000-10-00 00:00:00', b'1', 'No-Stay'),
(356, 'Lakes Tour 2 Days Scandinavia', 204.0372, '2000-10-00 00:00:00', b'0', 'Overnight-Stay'),
(357, 'Lakes Tour 3 Days Scandinavia', 340.0620, '2000-10-00 00:00:00', b'0', 'Medium-Stay'),
(358, 'Lakes Tour 5 Days Scandinavia', 453.4160, '2000-10-00 00:00:00', b'0', 'Medium-Stay'),
(359, 'Lakes Tour 1 Week Scandinavia', 566.7700, '2000-10-00 00:00:00', b'0', 'LongTerm-Stay'),
(360, 'Lakes Tour 2 Weeks Scandinavia', 1020.1860, '2000-10-00 00:00:00', b'0', 'LongTerm-Stay'),
(361, 'Rain Forest Tour 1 Day West Coast', 46.7280, '2000-10-00 00:00:00', b'1', 'No-Stay'),
(362, 'Rain Forest Tour 2 Days West Coast', 84.1104, '2000-10-00 00:00:00', b'0', 'Overnight-Stay'),
(363, 'Rain Forest Tour 3 Days West Coast', 140.1840, '2000-10-00 00:00:00', b'0', 'Medium-Stay'),
(364, 'Rain Forest Tour 5 Days West Coast', 186.9120, '2000-10-00 00:00:00', b'0', 'Medium-Stay'),
(365, 'Rain Forest Tour 1 Week West Coast', 233.6400, '2000-10-00 00:00:00', b'0', 'LongTerm-Stay'),
(366, 'Rain Forest Tour 2 Weeks West Coast', 420.5520, '2000-10-00 00:00:00', b'0', 'LongTerm-Stay'),
(367, 'Rain Forest Tour 1 Day East Coast', 127.1970, '2000-10-00 00:00:00', b'1', 'No-Stay'),
(368, 'Rain Forest Tour 2 Days East Coast', 228.9546, '2000-10-00 00:00:00', b'0', 'Overnight-Stay'),
(369, 'Rain Forest Tour 3 Days East Coast', 381.5910, '2000-10-00 00:00:00', b'0', 'Medium-Stay'),
(370, 'Rain Forest Tour 5 Days East Coast', 508.7880, '2000-10-00 00:00:00', b'0', 'Medium-Stay'),
(371, 'Rain Forest Tour 1 Week East Coast', 635.9850, '2000-10-00 00:00:00', b'0', 'LongTerm-Stay'),
(372, 'Rain Forest Tour 2 Weeks East Coast', 1144.7730, '2000-10-00 00:00:00', b'0', 'LongTerm-Stay'),
(373, 'Rain Forest Tour 1 Day Mexico', 51.0580, '2000-10-00 00:00:00', b'1', 'No-Stay'),
(374, 'Rain Forest Tour 2 Days Mexico', 91.9044, '2000-10-00 00:00:00', b'0', 'Overnight-Stay'),
(375, 'Rain Forest Tour 3 Days Mexico', 153.1740, '2000-10-00 00:00:00', b'0', 'Medium-Stay'),
(376, 'Rain Forest Tour 5 Days Mexico', 204.2320, '2000-10-00 00:00:00', b'0', 'Medium-Stay'),
(377, 'Rain Forest Tour 1 Week Mexico', 255.2900, '2000-10-00 00:00:00', b'0', 'LongTerm-Stay'),
(378, 'Rain Forest Tour 2 Weeks Mexico', 459.5220, '2000-10-00 00:00:00', b'0', 'LongTerm-Stay'),
(379, 'Rain Forest Tour 1 Day Canada', 92.9820, '2004-00-00 00:10:00', b'1', 'No-Stay'),
(380, 'Rain Forest Tour 2 Days Canada', 167.3676, '2000-10-00 00:00:00', b'0', 'Overnight-Stay'),
(381, 'Rain Forest Tour 3 Days Canada', 278.9460, '2000-10-00 00:00:00', b'0', 'Medium-Stay'),
(382, 'Rain Forest Tour 5 Days Canada', 371.9280, '2000-10-00 00:00:00', b'0', 'Medium-Stay'),
(383, 'Rain Forest Tour 1 Week Canada', 464.9100, '2000-10-00 00:00:00', b'0', 'LongTerm-Stay'),
(384, 'Rain Forest Tour 2 Weeks Canada', 836.8380, '2000-10-00 00:00:00', b'0', 'LongTerm-Stay'),
(385, 'Rain Forest Tour 1 Day Scandinavia', 93.8120, '2000-10-00 00:00:00', b'1', 'No-Stay'),
(386, 'Rain Forest Tour 2 Days Scandinavia', 168.8616, '2000-10-00 00:00:00', b'0', 'Overnight-Stay'),
(387, 'Rain Forest Tour 3 Days Scandinavia', 281.4360, '2000-10-00 00:00:00', b'0', 'Medium-Stay'),
(388, 'Rain Forest Tour 5 Days Scandinavia', 375.2480, '2000-10-00 00:00:00', b'0', 'Medium-Stay'),
(389, 'Rain Forest Tour 1 Week Scandinavia', 469.0600, '2000-10-00 00:00:00', b'0', 'LongTerm-Stay'),
(390, 'Rain Forest Tour 2 Weeks Scandinavia', 844.3080, '2000-10-00 00:00:00', b'0', 'LongTerm-Stay'),
(391, 'River Rapids Tour 1 Day West Coast', 75.3870, '2000-10-00 00:00:00', b'1', 'No-Stay'),
(392, 'River Rapids Tour 2 Days West Coast', 135.6966, '2000-10-00 00:00:00', b'0', 'Overnight-Stay'),
(393, 'River Rapids Tour 3 Days West Coast', 226.1610, '2000-10-00 00:00:00', b'0', 'Medium-Stay'),
(394, 'River Rapids Tour 5 Days West Coast', 301.5480, '2000-10-00 00:00:00', b'0', 'Medium-Stay'),
(395, 'River Rapids Tour 1 Week West Coast', 376.9350, '2000-10-00 00:00:00', b'0', 'LongTerm-Stay'),
(396, 'River Rapids Tour 2 Weeks West Coast', 678.4830, '2000-10-00 00:00:00', b'0', 'LongTerm-Stay'),
(397, 'River Rapids Tour 1 Day East Coast', 124.0120, '2000-10-00 00:00:00', b'1', 'No-Stay'),
(398, 'River Rapids Tour 2 Days East Coast', 223.2216, '2000-10-00 00:00:00', b'0', 'Overnight-Stay'),
(399, 'River Rapids Tour 3 Days East Coast', 372.0360, '2000-10-00 00:00:00', b'0', 'Medium-Stay'),
(400, 'River Rapids Tour 5 Days East Coast', 496.0480, '2000-10-00 00:00:00', b'0', 'Medium-Stay'),
(401, 'River Rapids Tour 1 Week East Coast', 620.0600, '2000-10-00 00:00:00', b'0', 'LongTerm-Stay'),
(402, 'River Rapids Tour 2 Weeks East Coast', 1116.1080, '2000-10-00 00:00:00', b'0', 'LongTerm-Stay'),
(403, 'River Rapids Tour 1 Day Mexico', 41.8370, '2000-10-00 00:00:00', b'1', 'No-Stay'),
(404, 'River Rapids Tour 2 Days Mexico', 75.3066, '2000-10-00 00:00:00', b'0', 'Overnight-Stay'),
(405, 'River Rapids Tour 3 Days Mexico', 125.5110, '2000-10-00 00:00:00', b'0', 'Medium-Stay'),
(406, 'River Rapids Tour 5 Days Mexico', 167.3480, '2000-10-00 00:00:00', b'0', 'Medium-Stay'),
(407, 'River Rapids Tour 1 Week Mexico', 209.1850, '2000-10-00 00:00:00', b'0', 'LongTerm-Stay'),
(408, 'River Rapids Tour 2 Weeks Mexico', 376.5330, '2000-10-00 00:00:00', b'0', 'LongTerm-Stay'),
(409, 'River Rapids Tour 1 Day Canada', 108.7620, '2000-10-00 00:00:00', b'1', 'No-Stay'),
(410, 'River Rapids Tour 2 Days Canada', 195.7716, '2000-10-00 00:00:00', b'0', 'Overnight-Stay'),
(411, 'River Rapids Tour 3 Days Canada', 326.2860, '2000-10-00 00:00:00', b'0', 'Medium-Stay'),
(412, 'River Rapids Tour 5 Days Canada', 435.0480, '2000-10-00 00:00:00', b'0', 'Medium-Stay'),
(413, 'River Rapids Tour 1 Week Canada', 543.8100, '2000-10-00 00:00:00', b'0', 'LongTerm-Stay'),
(414, 'River Rapids Tour 2 Weeks Canada', 978.8580, '2000-10-00 00:00:00', b'0', 'LongTerm-Stay'),
(415, 'River Rapids Tour 1 Day Scandinavia', 36.0420, '2000-10-00 00:00:00', b'1', 'No-Stay'),
(416, 'River Rapids Tour 2 Days Scandinavia', 64.8756, '2000-10-00 00:00:00', b'0', 'Overnight-Stay'),
(417, 'River Rapids Tour 3 Days Scandinavia', 108.1260, '2000-10-00 00:00:00', b'0', 'Medium-Stay'),
(418, 'River Rapids Tour 5 Days Scandinavia', 144.1680, '2000-10-00 00:00:00', b'0', 'Medium-Stay'),
(419, 'River Rapids Tour 1 Week Scandinavia', 180.2100, '2000-10-00 00:00:00', b'0', 'LongTerm-Stay'),
(420, 'River Rapids Tour 2 Weeks Scandinavia', 324.3780, '2000-10-00 00:00:00', b'0', 'LongTerm-Stay'),
(421, 'Snow Ski Tour 1 Day West Coast', 35.3080, '2000-10-00 00:00:00', b'1', 'No-Stay'),
(422, 'Snow Ski Tour 2 Days West Coast', 63.5544, '2000-10-00 00:00:00', b'0', 'Overnight-Stay'),
(423, 'Snow Ski Tour 3 Days West Coast', 105.9240, '2000-10-00 00:00:00', b'0', 'Medium-Stay'),
(424, 'Snow Ski Tour 5 Days West Coast', 141.2320, '2000-10-00 00:00:00', b'0', 'Medium-Stay'),
(425, 'Snow Ski Tour 1 Week West Coast', 176.5400, '2000-10-00 00:00:00', b'0', 'LongTerm-Stay'),
(426, 'Snow Ski Tour 2 Weeks West Coast', 317.7720, '2000-10-00 00:00:00', b'0', 'LongTerm-Stay'),
(427, 'Snow Ski Tour 1 Day East Coast', 85.5510, '2000-10-00 00:00:00', b'1', 'No-Stay'),
(428, 'Snow Ski Tour 2 Days East Coast', 153.9918, '2000-10-00 00:00:00', b'0', 'Overnight-Stay'),
(429, 'Snow Ski Tour 3 Days East Coast', 256.6530, '2000-10-00 00:00:00', b'0', 'Medium-Stay'),
(430, 'Snow Ski Tour 5 Days East Coast', 342.2040, '2000-10-00 00:00:00', b'0', 'Medium-Stay'),
(431, 'Snow Ski Tour 1 Week East Coast', 427.7550, '2000-10-00 00:00:00', b'0', 'LongTerm-Stay'),
(432, 'Snow Ski Tour 2 Weeks East Coast', 769.9590, '2000-10-00 00:00:00', b'0', 'LongTerm-Stay'),
(433, 'Snow Ski Tour 1 Day Mexico', 72.7920, '2000-10-00 00:00:00', b'1', 'No-Stay'),
(434, 'Snow Ski Tour 2 Days Mexico', 131.0256, '2000-10-00 00:00:00', b'0', 'Overnight-Stay'),
(435, 'Snow Ski Tour 3 Days Mexico', 218.3760, '2000-10-00 00:00:00', b'0', 'Medium-Stay'),
(436, 'Snow Ski Tour 5 Days Mexico', 291.1680, '2000-10-00 00:00:00', b'0', 'Medium-Stay'),
(437, 'Snow Ski Tour 1 Week Mexico', 363.9600, '2000-10-00 00:00:00', b'0', 'LongTerm-Stay'),
(438, 'Snow Ski Tour 2 Weeks Mexico', 655.1280, '2000-10-00 00:00:00', b'0', 'LongTerm-Stay'),
(439, 'Snow Ski Tour 1 Day Canada', 48.3510, '2000-10-00 00:00:00', b'1', 'No-Stay'),
(440, 'Snow Ski Tour 2 Days Canada', 87.0318, '2000-10-00 00:00:00', b'0', 'Overnight-Stay'),
(441, 'Snow Ski Tour 3 Days Canada', 145.0530, '2000-10-00 00:00:00', b'0', 'Medium-Stay'),
(442, 'Snow Ski Tour 5 Days Canada', 193.4040, '2000-10-00 00:00:00', b'0', 'Medium-Stay'),
(443, 'Snow Ski Tour 1 Week Canada', 241.7550, '2000-10-00 00:00:00', b'0', 'LongTerm-Stay'),
(444, 'Snow Ski Tour 2 Weeks Canada', 435.1590, '2000-10-00 00:00:00', b'0', 'LongTerm-Stay'),
(445, 'Snow Ski Tour 1 Day Scandinavia', 42.0010, '2000-10-00 00:00:00', b'1', 'No-Stay'),
(446, 'Snow Ski Tour 2 Days Scandinavia', 75.6018, '2000-10-00 00:00:00', b'0', 'Overnight-Stay'),
(447, 'Snow Ski Tour 3 Days Scandinavia', 126.0030, '2000-10-00 00:00:00', b'0', 'Medium-Stay'),
(448, 'Snow Ski Tour 5 Days Scandinavia', 168.0040, '2000-10-00 00:00:00', b'0', 'Medium-Stay'),
(449, 'Snow Ski Tour 1 Week Scandinavia', 210.0050, '2000-10-00 00:00:00', b'0', 'LongTerm-Stay'),
(450, 'Snow Ski Tour 2 Weeks Scandinavia', 378.0090, '2000-10-00 00:00:00', b'0', 'LongTerm-Stay'),
(451, 'Wine Tasting Tour 1 Day West Coast', 120.1980, '2000-10-00 00:00:00', b'1', 'No-Stay'),
(452, 'Wine Tasting Tour 2 Days West Coast', 216.3564, '2000-10-00 00:00:00', b'0', 'Overnight-Stay'),
(453, 'Wine Tasting Tour 3 Days West Coast', 360.5940, '2000-10-00 00:00:00', b'0', 'Medium-Stay'),
(454, 'Wine Tasting Tour 5 Days West Coast', 480.7920, '2000-10-00 00:00:00', b'0', 'Medium-Stay'),
(455, 'Wine Tasting Tour 1 Week West Coast', 600.9900, '2000-10-00 00:00:00', b'0', 'LongTerm-Stay'),
(456, 'Wine Tasting Tour 2 Weeks West Coast', 1101.9690, '2000-10-00 00:00:00', b'0', 'LongTerm-Stay'),
(457, 'Wine Tasting Tour 1 Day East Coast', 64.1330, '2000-10-00 00:00:00', b'1', 'No-Stay'),
(458, 'Wine Tasting Tour 2 Days East Coast', 115.4394, '2000-10-00 00:00:00', b'0', 'Overnight-Stay'),
(459, 'Wine Tasting Tour 3 Days East Coast', 192.3990, '2000-10-00 00:00:00', b'0', 'Medium-Stay'),
(460, 'Wine Tasting Tour 5 Days East Coast', 256.5320, '2000-10-00 00:00:00', b'0', 'Medium-Stay'),
(461, 'Wine Tasting Tour 1 Week East Coast', 320.6650, '2000-10-00 00:00:00', b'0', 'LongTerm-Stay'),
(462, 'Wine Tasting Tour 2 Weeks East Coast', 577.1970, '2000-10-00 00:00:00', b'0', 'LongTerm-Stay'),
(463, 'Wine Tasting Tour 1 Day Mexico', 77.3080, '2000-10-00 00:00:00', b'1', 'No-Stay'),
(464, 'Wine Tasting Tour 2 Days Mexico', 139.1544, '2000-10-00 00:00:00', b'0', 'Overnight-Stay'),
(465, 'Wine Tasting Tour 3 Days Mexico', 231.9240, '2000-10-00 00:00:00', b'0', 'Medium-Stay'),
(466, 'Wine Tasting Tour 5 Days Mexico', 309.2320, '2000-10-00 00:00:00', b'0', 'Medium-Stay'),
(467, 'Wine Tasting Tour 1 Week Mexico', 386.5400, '2000-10-00 00:00:00', b'0', 'LongTerm-Stay'),
(468, 'Wine Tasting Tour 2 Weeks Mexico', 695.7720, '2000-10-00 00:00:00', b'0', 'LongTerm-Stay'),
(469, 'Wine Tasting Tour 1 Day Canada', 44.2650, '2000-10-00 00:00:00', b'1', 'No-Stay'),
(470, 'Wine Tasting Tour 2 Days Canada', 79.6770, '2000-10-00 00:00:00', b'0', 'Overnight-Stay'),
(471, 'Wine Tasting Tour 3 Days Canada', 132.7950, '2000-10-00 00:00:00', b'0', 'Medium-Stay'),
(472, 'Wine Tasting Tour 5 Days Canada', 177.0600, '2000-10-00 00:00:00', b'0', 'Medium-Stay'),
(473, 'Wine Tasting Tour 1 Week Canada', 221.3250, '2000-10-00 00:00:00', b'0', 'LongTerm-Stay'),
(474, 'Wine Tasting Tour 2 Weeks Canada', 398.3850, '2000-10-00 00:00:00', b'0', 'LongTerm-Stay'),
(475, 'Wine Tasting Tour 1 Day Scandinavia', 40.5640, '2000-10-00 00:00:00', b'1', 'No-Stay'),
(476, 'Wine Tasting Tour 2 Days Scandinavia', 73.0152, '2000-10-00 00:00:00', b'0', 'Overnight-Stay'),
(477, 'Wine Tasting Tour 3 Days Scandinavia', 121.6920, '2000-10-00 00:00:00', b'0', 'Medium-Stay'),
(478, 'Wine Tasting Tour 5 Days Scandinavia', 162.2560, '2000-10-00 00:00:00', b'0', 'Medium-Stay'),
(479, 'Wine Tasting Tour 1 Week Scandinavia', 202.8200, '2000-10-00 00:00:00', b'0', 'LongTerm-Stay'),
(480, 'Wine Tasting Tour 2 Weeks Scandinavia', 365.0760, '2000-10-00 00:00:00', b'0', 'LongTerm-Stay');

-- --------------------------------------------------------

--
-- Table structure for table `Employee`
--

CREATE TABLE IF NOT EXISTS `Employee` (
  `EmpID` int(11) NOT NULL,
  `LastName` varchar(30) DEFAULT NULL,
  `FirstName` varchar(20) DEFAULT NULL,
  `HireDate` datetime DEFAULT NULL,
  `LocationID` int(11) DEFAULT NULL,
  `ManagerID` int(11) DEFAULT NULL,
  `Status` char(12) DEFAULT NULL,
  PRIMARY KEY (`EmpID`)
) ENGINE=InnoDB DEFAULT CHARSET=latin1;

--
-- Dumping data for table `Employee`
--

INSERT INTO `Employee` (`EmpID`, `LastName`, `FirstName`, `HireDate`, `LocationID`, `ManagerID`, `Status`) VALUES
(1, 'Adams', 'Alex', '0001-01-01 00:00:00', 1, 11, NULL),
(2, 'Brown', 'Barry', '0008-12-02 00:00:00', 1, 11, NULL),
(3, 'Osako', 'Lee', '0000-00-00 00:00:00', 2, 11, NULL),
(4, 'Kennson', 'David', '0000-00-00 00:00:00', 1, 11, 'Has Tenure'),
(5, 'Bender', 'Eric', '0000-00-00 00:00:00', 1, 11, NULL),
(6, 'Kendall', 'Lisa', '0000-00-00 00:00:00', 4, 4, NULL),
(7, 'Lonning', 'David', '0001-01-00 00:00:00', 1, 11, 'On Leave'),
(8, 'Marshbank', 'John', '0000-00-00 00:00:00', NULL, 4, NULL),
(9, 'Newton', 'James', '0000-00-00 00:00:00', 2, 3, NULL),
(10, 'O''Haire', 'Terry', '2010-04-04 00:00:00', 2, 3, NULL),
(11, 'Smith', 'Sally', '0000-00-00 00:00:00', 1, NULL, NULL),
(12, 'O''Neil', 'Barbara', '0000-00-00 00:00:00', 4, 4, 'Has Tenure');

-- --------------------------------------------------------

--
-- Table structure for table `Grant`
--

CREATE TABLE IF NOT EXISTS `Grant` (
  `GrantID` char(3) NOT NULL,
  `GrantName` varchar(50) NOT NULL,
  `EmpID` int(11) DEFAULT NULL,
  `Amount` decimal(10,4) DEFAULT NULL,
  UNIQUE KEY `GrantID` (`GrantID`)
) ENGINE=InnoDB DEFAULT CHARSET=latin1;

--
-- Dumping data for table `Grant`
--

INSERT INTO `Grant` (`GrantID`, `GrantName`, `EmpID`, `Amount`) VALUES
('001', '92 Purr_Scents %% team', 7, 4750.0000),
('002', 'K_Land fund trust', 2, 15750.0000),
('003', 'Robert@BigStarBank.com', 7, 18100.0000),
('004', 'Norman''s Outreach', NULL, 21000.0000),
('005', 'BIG 6''s Foundation%', 4, 21000.0000),
('006', 'TALTA_Kishan International', 3, 18100.0000),
('007', 'Ben@MoreTechnology.com', 10, 41000.0000),
('008', '@Last-U-Can-Help', 7, 25000.0000),
('009', 'Thank you @.com', 11, 21500.0000),
('010', 'Call Mom @Com', 5, 7500.0000);

-- --------------------------------------------------------

--
-- Table structure for table `Location`
--

CREATE TABLE IF NOT EXISTS `Location` (
  `LocationID` int(11) NOT NULL,
  `Street` varchar(30) DEFAULT NULL,
  `City` varchar(20) DEFAULT NULL,
  `State` char(2) DEFAULT NULL,
  UNIQUE KEY `LocationID` (`LocationID`)
) ENGINE=InnoDB DEFAULT CHARSET=latin1;

--
-- Dumping data for table `Location`
--

INSERT INTO `Location` (`LocationID`, `Street`, `City`, `State`) VALUES
(1, '111 First ST', 'Seattle', 'WA'),
(2, '222 Second AVE', 'Boston', 'MA'),
(3, '333 Third PL', 'Chicago', 'IL'),
(4, '444 Ruby ST', 'Spokane', 'WA');

-- --------------------------------------------------------

--
-- Table structure for table `MgmtTraining`
--

CREATE TABLE IF NOT EXISTS `MgmtTraining` (
  `ClassID` int(11) NOT NULL AUTO_INCREMENT,
  `ClassName` varchar(50) NOT NULL,
  `ClassDurationHours` int(11) DEFAULT NULL,
  PRIMARY KEY (`ClassID`)
) ENGINE=InnoDB  DEFAULT CHARSET=latin1 AUTO_INCREMENT=4 ;

--
-- Dumping data for table `MgmtTraining`
--

INSERT INTO `MgmtTraining` (`ClassID`, `ClassName`, `ClassDurationHours`) VALUES
(1, 'Embracing Diversity', 12),
(2, 'Interviewing', 6),
(3, 'Difficult Negotiations', 30);

-- --------------------------------------------------------

--
-- Table structure for table `PayRates`
--

CREATE TABLE IF NOT EXISTS `PayRates` (
  `EmpID` int(11) NOT NULL,
  `YearlySalary` decimal(10,4) DEFAULT NULL,
  `MonthlySalary` decimal(10,4) DEFAULT NULL,
  `HourlyRate` decimal(10,4) DEFAULT NULL,
  PRIMARY KEY (`EmpID`)
) ENGINE=InnoDB DEFAULT CHARSET=latin1;

--
-- Dumping data for table `PayRates`
--

INSERT INTO `PayRates` (`EmpID`, `YearlySalary`, `MonthlySalary`, `HourlyRate`) VALUES
(1, 81000.0000, NULL, NULL),
(2, 84000.0000, NULL, NULL),
(3, NULL, NULL, 45.0000),
(4, NULL, 6500.0000, NULL),
(5, NULL, 5800.0000, NULL),
(6, 52000.0000, NULL, NULL),
(7, NULL, 6100.0000, NULL),
(8, NULL, NULL, 32.0000),
(9, NULL, NULL, 18.0000),
(10, NULL, NULL, 17.0000),
(11, 115000.0000, NULL, NULL),
(12, NULL, NULL, 21.0000);

/*!40101 SET CHARACTER_SET_CLIENT=@OLD_CHARACTER_SET_CLIENT */;
/*!40101 SET CHARACTER_SET_RESULTS=@OLD_CHARACTER_SET_RESULTS */;
/*!40101 SET COLLATION_CONNECTION=@OLD_COLLATION_CONNECTION */;
